name,link,format
Training Grounds Transformers,https://aetherhub.com/Deck/training-grounds-transformers,Arena Standard
Samut Haste Aggro,https://aetherhub.com/Deck/samut-haste-aggro,Arena Standard
Multiverse Mill,https://aetherhub.com/Deck/multiverse-mill-912521,Arena Standard
Izzet Invasion,https://aetherhub.com/Deck/izzet-invasion,Arena Standard
Boros Flicker,https://aetherhub.com/Deck/boros-flicker-908904,Arena Standard
Imperiosaur Convoke,https://aetherhub.com/Deck/imperiosaur-convoke-908021,Arena Standard
"Pia Nalaar, Consul of Revival Brawl",https://aetherhub.com/Deck/pia-nalaar-consul-of-revival-brawl,Historic Brawl
Calix Enchantments,https://aetherhub.com/Deck/calix-enchantments-905482,Arena Standard
Nissa Elves,https://aetherhub.com/Deck/nissa-elves,Arena Standard
"Imoti, Celebrant of Bounty Brawl",https://aetherhub.com/Deck/imoti-celebrant-of-bounty-brawl,Historic Brawl
Urborg Scavengers Reanimator,https://aetherhub.com/Deck/urborg-scavengers-reanimator,Arena Standard
Monowhite Humans,https://aetherhub.com/Deck/monowhite-humans-901313,Arena Standard
Ob Nixilis All Will Be One Combo,https://aetherhub.com/Deck/ob-nixilis-all-will-be-one-combo,Arena Standard
Rakdos Breach,https://aetherhub.com/Deck/rakdos-breach,Arena Standard
Etali Ramp,https://aetherhub.com/Deck/etali-ramp-899871,Arena Standard
Esper Discard Legends,https://aetherhub.com/Deck/esper-discard-legends,Arena Standard
Ragavan Brawl,https://aetherhub.com/Deck/ragavan-brawl,Historic Brawl
Selesnya Counters,https://aetherhub.com/Deck/selesnya-counters-897283,Arena Standard
Battle Phoenix,https://aetherhub.com/Deck/battle-phoenix,Arena Standard
Four Color Legends,https://aetherhub.com/Deck/four-color-legends,Arena Standard
Turn Two Ghalta,https://aetherhub.com/Deck/turn-two-ghalta,Explorer
Yargle Backup,https://aetherhub.com/Deck/yargle-backup,Arena Standard
Jeskai Dragons,https://aetherhub.com/Deck/jeskai-dragons-890380,Arena Standard
Errant and Giada Angels,https://aetherhub.com/Deck/errant-and-giada-angels,Arena Standard
Phyrexian Sacrifice,https://aetherhub.com/Deck/phyrexian-sacrifice,Arena Standard
Djeru and Hazoret,https://aetherhub.com/Deck/djeru-and-hazoret,Arena Standard
Hidetsugu and Kairi Combo,https://aetherhub.com/Deck/hidetsugu-and-kairi-combo,Arena Standard
Shark Incubate,https://aetherhub.com/Deck/shark-incubate,Arena Standard
Dragon Tribal,https://aetherhub.com/Deck/dragon-tribal-886590,Arena Standard
Jund Battle,https://aetherhub.com/Deck/jund-battle,Arena Standard
Gruul Modified Aggro,https://aetherhub.com/Deck/gruul-modified-aggro-882143,Arena Standard
Darksteel Reactor Combo,https://aetherhub.com/Deck/darksteel-reactor-combo,Historic
Liliana's Contract,https://aetherhub.com/Deck/lilianas-contract-881961,Historic
Happily Ever After,https://aetherhub.com/Deck/happily-ever-after-881056,Explorer
Dino Door,https://aetherhub.com/Deck/dino-door,Historic
Triskaidekaphobia Thirteen Tribal,https://aetherhub.com/Deck/triskaidekaphobia-thirteen-tribal,Explorer
Win on Turn 2,https://aetherhub.com/Deck/win-on-turn-2,Explorer
Yawgmoth Undying Combo,https://aetherhub.com/Deck/yawgmoth-undying-combo,Historic
"Ishkanah, Grafwidow Delirium Brawl",https://aetherhub.com/Deck/ishkanah-grafwidow-delirium-brawl,Historic Brawl
Grixis Midrange,https://aetherhub.com/Deck/grixis-midrange-874952,Historic
Sultai Selfmill,https://aetherhub.com/Deck/sultai-selfmill,Explorer
Bant Spirits,https://aetherhub.com/Deck/bant-spirits-873340,Explorer
Birds & Bats,https://aetherhub.com/Deck/birds--bats,Arena Standard
Marvel Emrakul,https://aetherhub.com/Deck/marvel-emrakul,Explorer
Perfected Blob,https://aetherhub.com/Deck/perfected-blob,Arena Standard
Gruul Lukka,https://aetherhub.com/Deck/gruul-lukka-870665,Arena Standard
"Ovika, Enigma Goliath Brawl",https://aetherhub.com/Deck/ovika-enigma-goliath-brawl,Historic Brawl
Kayla's Artifacts,https://aetherhub.com/Deck/kaylas-artifacts,Arena Standard
Flashy Soldiers,https://aetherhub.com/Deck/flashy-soldiers,Arena Standard
Toxic Abzan,https://aetherhub.com/Deck/toxic-abzan-867058,Arena Standard
Perfected Mill,https://aetherhub.com/Deck/perfected-mill,Historic
"Karumonix, the Rat King Brawl",https://aetherhub.com/Deck/karumonix-the-rat-king-brawl,Historic Brawl
The Bomb Squad,https://aetherhub.com/Deck/the-bomb-squad,Arena Standard
Scamp Burn,https://aetherhub.com/Deck/scamp-burn,Arena Standard
Equipment Cats,https://aetherhub.com/Deck/equipment-cats,Historic
Demon Handoff,https://aetherhub.com/Deck/demon-handoff,Arena Standard
Monument to Perfection,https://aetherhub.com/Deck/monument-to-perfection-860368,Arena Standard
Vraan's Forge,https://aetherhub.com/Deck/vraans-forge,Arena Standard
"Graaz, Unstoppable Juggernaut",https://aetherhub.com/Deck/graaz-unstoppable-juggernaut,Historic
Hellraiser of Despair,https://aetherhub.com/Deck/hellraiser-of-despair,Arena Standard
Tyvar Citadel,https://aetherhub.com/Deck/tyvar-citadel,Explorer
"Elesh Norn, Mother of Machines Brawl",https://aetherhub.com/Deck/elesh-norn-mother-of-machines-brawl,Historic Brawl
Naya Legends Aggro,https://aetherhub.com/Deck/naya-legends-aggro,Arena Standard
Five Color Atraxa,https://aetherhub.com/Deck/five-color-atraxa-855842,Arena Standard
Oily Ninjas,https://aetherhub.com/Deck/oily-ninjas,Arena Standard
Artifact Legends,https://aetherhub.com/Deck/artifact-legends-854367,Arena Standard
Dimir Poison Proliferate,https://aetherhub.com/Deck/dimir-poison-proliferate,Arena Standard
Gauntlet Superfriends,https://aetherhub.com/Deck/gauntlet-superfriends,Arena Standard
Monogreen Stompy,https://aetherhub.com/Deck/monogreen-stompy-853691,Arena Standard
Ezuri Proliferate Brawl,https://aetherhub.com/Deck/ezuri-proliferate-brawl,Historic Brawl
Invoke Justice Kaya,https://aetherhub.com/Deck/invoke-justice-kaya,Arena Standard
Oil Forge,https://aetherhub.com/Deck/oil-forge,Arena Standard
Creativity Combo,https://aetherhub.com/Deck/creativity-combo,Explorer
Monowhite Vindicator Aggro,https://aetherhub.com/Deck/monowhite-vindicator-aggro,Arena Standard
Monoblack Devotion,https://aetherhub.com/Deck/monoblack-devotion-851385,Explorer
Obliterator Fight,https://aetherhub.com/Deck/obliterator-fight-850978,Arena Standard
Kozilek Brawl,https://aetherhub.com/Deck/kozilek-brawl,Historic Brawl
Geth Reanimator,https://aetherhub.com/Deck/geth-reanimator,Arena Standard
Apparatus Control,https://aetherhub.com/Deck/apparatus-control,Arena Standard
Monored Hellraiser Portal,https://aetherhub.com/Deck/monored-hellraiser-portal,Arena Standard
Rotpriest Poison Combo,https://aetherhub.com/Deck/rotpriest-poison-combo,Arena Standard
All WIll Be One Festival,https://aetherhub.com/Deck/all-will-be-one-festival,Arena Standard
Monored Koth Control,https://aetherhub.com/Deck/monored-koth-control,Arena Standard
Naya Mondrak Tokens,https://aetherhub.com/Deck/naya-mondrak-tokens-846910,Arena Standard
Jund Tyvar,https://aetherhub.com/Deck/jund-tyvar,Arena Standard
Nissa Ramp,https://aetherhub.com/Deck/nissa-ramp-845615,Arena Standard
For Mirrodin Equipment,https://aetherhub.com/Deck/for-mirrodin-equipment,Arena Standard
Archfiend Fight Rigging,https://aetherhub.com/Deck/archfiend-fight-rigging,Arena Standard
Four Color Atraxa,https://aetherhub.com/Deck/four-color-atraxa,Arena Standard
Monowhite Elesh Norn,https://aetherhub.com/Deck/monowhite-elesh-norn,Arena Standard
Toxic Poison,https://aetherhub.com/Deck/toxic-poison,Arena Standard
Golgari Grave Storm,https://aetherhub.com/Deck/golgari-grave-storm,Arena Standard
Red Devotion,https://aetherhub.com/Deck/red-devotion-841097,Explorer
Jan Jansen Brawl,https://aetherhub.com/Deck/jan-jansen-brawl,Historic Brawl
Incinerator Burn,https://aetherhub.com/Deck/incinerator-burn-840763,Explorer
Kayla's Reconstruction Lifegain,https://aetherhub.com/Deck/kaylas-reconstruction-lifegain,Arena Standard
Truth or Lie,https://aetherhub.com/Deck/truth-or-lie,Explorer
Mishra Meld v2,https://aetherhub.com/Deck/mishra-meld-v2,Arena Standard
"Yarok, the Desecrated Brawl",https://aetherhub.com/Deck/yarok-the-desecrated-brawl,Historic Brawl
Boros Heroic,https://aetherhub.com/Deck/boros-heroic-838758,Explorer
Monogreen Leyline Ramp,https://aetherhub.com/Deck/monogreen-leyline-ramp,Historic
Monoblue Powerstone Ramp,https://aetherhub.com/Deck/monoblue-powerstone-ramp,Arena Standard
Dollhouse Reanimator,https://aetherhub.com/Deck/dollhouse-reanimator,Arena Standard
Mardu Angels,https://aetherhub.com/Deck/mardu-angels-836332,Arena Standard
"Delina, Wild Mage Brawl",https://aetherhub.com/Deck/delina-wild-mage-brawl,Historic Brawl
Keruga Green Devotion,https://aetherhub.com/Deck/keruga-green-devotion,Explorer
Prototype Surprise,https://aetherhub.com/Deck/prototype-surprise,Arena Standard
Bant Auras,https://aetherhub.com/Deck/bant-auras-833411,Explorer
Katilda Humans Brawl,https://aetherhub.com/Deck/katilda-humans-brawl,Historic Brawl
Izzet Prowess,https://aetherhub.com/Deck/izzet-prowess-832398,Arena Standard
Naya Domain Aggro,https://aetherhub.com/Deck/naya-domain-aggro-833090,Arena Standard
Fight Club,https://aetherhub.com/Deck/fight-club-832777,Explorer
Jund Bombardment,https://aetherhub.com/Deck/jund-bombardment-832744,Arena Standard
Monoblue Devotion,https://aetherhub.com/Deck/monoblue-devotion,Explorer
Chaotic Portal,https://aetherhub.com/Deck/chaotic-portal-831821,Arena Standard
"Isshin, Two Heavens as One Brawl",https://aetherhub.com/Deck/isshin-two-heavens-as-one-brawl,Historic Brawl
Abzan Greasefang,https://aetherhub.com/Deck/abzan-greasefang-831349,Explorer
Monoblack Burn,https://aetherhub.com/Deck/monoblack-burn,Arena Standard
Turbo Bard Class,https://aetherhub.com/Deck/turbo-bard-class,Explorer
"Ashnod, Flesh Mechanist Brawl",https://aetherhub.com/Deck/ashnod-flesh-mechanist-brawl,Historic Brawl
Monoblue Djinn,https://aetherhub.com/Deck/monoblue-djinn,Arena Standard
Eldrazi & Taxes,https://aetherhub.com/Deck/eldrazi--taxes-829197,Explorer
Angel Lifegain Book,https://aetherhub.com/Deck/angel-lifegain-book,Explorer
Enigmatic Fires,https://aetherhub.com/Deck/enigmatic-fires-828539,Explorer
Monowhite Humans,https://aetherhub.com/Deck/monowhite-humans-827303,Arena Standard
Jeskai Legends Ramp,https://aetherhub.com/Deck/jeskai-legends-ramp,Arena Standard
Golgari Elves,https://aetherhub.com/Deck/golgari-elves-827037,Explorer
"Ramos, Dragon Engine Brawl",https://aetherhub.com/Deck/ramos-dragon-engine-brawl,Historic Brawl
Monored Eidolon Aggro,https://aetherhub.com/Deck/monored-eidolon-aggro,Explorer
Jodah Legends,https://aetherhub.com/Deck/jodah-legends-826199,Arena Standard
Monogreen Nykthos Devotion,https://aetherhub.com/Deck/monogreen-nykthos-devotion,Explorer
Jeskai Tokens,https://aetherhub.com/Deck/jeskai-tokens-825447,Arena Standard
Minion of the Mighty Combo,https://aetherhub.com/Deck/minion-of-the-mighty-combo,Historic
Brilliant Restoration Prototypes,https://aetherhub.com/Deck/brilliant-restoration-prototypes,Arena Standard
Boros Heroic Aggro,https://aetherhub.com/Deck/boros-heroic-aggro,Arena Standard
Awaken the Woods Ramp,https://aetherhub.com/Deck/awaken-the-woods-ramp,Arena Standard
Liquimetal Land Destruction,https://aetherhub.com/Deck/liquimetal-land-destruction,Historic
Monowhite Artifact Aggro,https://aetherhub.com/Deck/monowhite-artifact-aggro,Arena Standard
Hexcatcher Merfolk Tribal ,https://aetherhub.com/Deck/hexcatcher-merfolk-tribal-,Historic
Harbin Soldiers Brawl,https://aetherhub.com/Deck/harbin-soldiers-brawl,Historic Brawl
Hurkyl Vehicles,https://aetherhub.com/Deck/hurkyl-vehicles,Arena Standard
Monogreen Artifacts,https://aetherhub.com/Deck/monogreen-artifacts,Arena Standard
Monored Phyrexia Control,https://aetherhub.com/Deck/monored-phyrexia-control,Arena Standard
"Urza, Prince of Kroog",https://aetherhub.com/Deck/urza-prince-of-kroog-819898,Historic Brawl
Monowhite Portal,https://aetherhub.com/Deck/monowhite-portal,Arena Standard
Eggs Combo,https://aetherhub.com/Deck/eggs-combo,Historic
Jeskai Urza,https://aetherhub.com/Deck/jeskai-urza,Arena Standard
Dungeon Combo,https://aetherhub.com/Deck/dungeon-combo,Explorer
Monored Goblin Charbelcher Combo,https://aetherhub.com/Deck/monored-goblin-charbelcher-combo,Historic
Prototype Fight Rigging,https://aetherhub.com/Deck/prototype-fight-rigging,Arena Standard
Over the Top Combo,https://aetherhub.com/Deck/over-the-top-combo,Arena Standard
Mechanized Monored Aggro,https://aetherhub.com/Deck/mechanized-monored-aggro,Arena Standard
Tawnos Brawl,https://aetherhub.com/Deck/tawnos-brawl,Historic Brawl
Prototype Flicker,https://aetherhub.com/Deck/prototype-flicker,Arena Standard
Grixis Midrange,https://aetherhub.com/Deck/grixis-midrange-814687,Arena Standard
Titania Selfmill Meld,https://aetherhub.com/Deck/titania-selfmill-meld,Arena Standard
Dimir Draw Two,https://aetherhub.com/Deck/dimir-draw-two,Arena Standard
Monoblack Aggro,https://aetherhub.com/Deck/monoblack-aggro-813020,Arena Standard
Soldier Tribal,https://aetherhub.com/Deck/soldier-tribal-812722,Arena Standard
Mishra Meld,https://aetherhub.com/Deck/mishra-meld,Arena Standard
Portal Reanimator,https://aetherhub.com/Deck/portal-reanimator,Arena Standard
Urza Planeswalker Meld,https://aetherhub.com/Deck/urza-planeswalker-meld,Arena Standard
Thopter Tribal,https://aetherhub.com/Deck/thopter-tribal,Historic
Jeskai Sphinx Domain,https://aetherhub.com/Deck/jeskai-sphinx-domain,Arena Standard
Karn Living Legacy Brawl,https://aetherhub.com/Deck/karn-living-legacy-brawl,Historic Brawl
Micromancer Duplimancy,https://aetherhub.com/Deck/micromancer-duplimancy,Arena Standard
Praetor Reanimator,https://aetherhub.com/Deck/praetor-reanimator,Arena Standard
Praetor Prison,https://aetherhub.com/Deck/praetor-prison,Explorer
"Elesh Norn, Grand Cenobite Brawl",https://aetherhub.com/Deck/elesh-norn-grand-cenobite-brawl,Historic Brawl
Duplimancy Copycat,https://aetherhub.com/Deck/duplimancy-copycat,Arena Standard
Invoke Justice Sagas,https://aetherhub.com/Deck/invoke-justice-sagas,Arena Standard
Tatyova Steward Brawl,https://aetherhub.com/Deck/tatyova-steward-brawl,Historic Brawl
Izzet Spells Aggro,https://aetherhub.com/Deck/izzet-spells-aggro-802092,Arena Standard
Big Green,https://aetherhub.com/Deck/big-green-802261,Arena Standard
Ignite the Forge Upgraded v3,https://aetherhub.com/Deck/ignite-the-forge-upgraded-v3,Arena Standard
Ignite the Forge Upgraded v2,https://aetherhub.com/Deck/ignite-the-forge-upgraded-v2,Arena Standard
Ignite the Forge Vampires,https://aetherhub.com/Deck/ignite-the-forge-vampires,Arena Standard
Danitha Aura Combo,https://aetherhub.com/Deck/danitha-aura-combo,Explorer
Gruul Modified Aggro,https://aetherhub.com/Deck/gruul-modified-aggro-800486,Arena Standard
"Elas il-Kor, Sadistic Pilgrim Brawl",https://aetherhub.com/Deck/elas-il-kor-sadistic-pilgrim-brawl,Historic Brawl
Cleric Tribal,https://aetherhub.com/Deck/cleric-tribal-798546,Arena Standard
Henzie Riveteers Rampage Upgraded,https://aetherhub.com/Deck/henzie-riveteers-rampage-upgraded,Commander
Grixis Sol'Kanar ,https://aetherhub.com/Deck/grixis-solkanar-,Arena Standard
Firestorm Control,https://aetherhub.com/Deck/firestorm-control,Arena Standard
Astor Brawl,https://aetherhub.com/Deck/astor-brawl,Historic Brawl
Jodah Legendary Humans,https://aetherhub.com/Deck/jodah-legendary-humans-795975,Arena Standard
Defiler Monument Combo,https://aetherhub.com/Deck/defiler-monument-combo,Historic
On the Hunt Upgraded v2,https://aetherhub.com/Deck/on-the-hunt-upgraded-v2,Arena Standard
On the Hunt Upgraded v3,https://aetherhub.com/Deck/on-the-hunt-upgraded-v3,Arena Standard
Azorius Control,https://aetherhub.com/Deck/azorius-control-794916,Arena Standard
Selesnya Tokens,https://aetherhub.com/Deck/selesnya-tokens-793641,Arena Standard
Dimir Despair,https://aetherhub.com/Deck/dimir-despair-792949,Arena Standard
Arcades Defenders Brawl,https://aetherhub.com/Deck/arcades-defenders-brawl,Historic Brawl
Historic Elves,https://aetherhub.com/Deck/historic-elves-791736,Historic
Monowhite Aggro,https://aetherhub.com/Deck/monowhite-aggro-791618,Arena Standard
Saga Spirits,https://aetherhub.com/Deck/saga-spirits-791189,Arena Standard
Mirror Mechs,https://aetherhub.com/Deck/mirror-mechs,Arena Standard
Yotia Artifacts,https://aetherhub.com/Deck/yotia-artifacts,Arena Standard
Mardu Angels,https://aetherhub.com/Deck/mardu-angels-788716,Arena Standard
Loner Infinite Combo,https://aetherhub.com/Deck/loner-infinite-combo-786871,Arena Standard
Rivaz of the Claw Brawl,https://aetherhub.com/Deck/rivaz-of-the-claw-brawl,Historic Brawl
Domain Ramp,https://aetherhub.com/Deck/domain-ramp-786506,Arena Standard
" Jhoira, Ageless Innovator Brawl",https://aetherhub.com/Deck/-jhoira-ageless-innovator-brawl,Historic Brawl
Dominaria Defenders,https://aetherhub.com/Deck/dominaria-defenders,Arena Standard
"Ivy, Gleeful Spellthief Brawl",https://aetherhub.com/Deck/ivy-gleeful-spellthief-brawl,Historic Brawl
Urza Assembles Superfriends,https://aetherhub.com/Deck/urza-assembles-superfriends,Arena Standard
Paradox Engine Legends Combo ,https://aetherhub.com/Deck/paradox-engine-legends-combo-,Explorer
Izzet Wizards,https://aetherhub.com/Deck/izzet-wizards-783294,Historic
Domain Zur Enchantments,https://aetherhub.com/Deck/domain-zur-enchantments,Arena Standard
Greasy Legends,https://aetherhub.com/Deck/greasy-legends,Arena Standard
Liliana of the Veil Brawl,https://aetherhub.com/Deck/liliana-of-the-veil-brawl,Historic Brawl
Monored Goblins,https://aetherhub.com/Deck/monored-goblins-780822,Explorer
Rakdos Sacrifice,https://aetherhub.com/Deck/rakdos-sacrifice-779985,Arena Standard
Monored Phyrexian Aggro,https://aetherhub.com/Deck/monored-phyrexian-aggro,Arena Standard
Cruel Jund Reanimator,https://aetherhub.com/Deck/cruel-jund-reanimator,Arena Standard
Esper Legends,https://aetherhub.com/Deck/esper-legends-778040,Arena Standard
Dimir Turbo Mill,https://aetherhub.com/Deck/dimir-turbo-mill-777463,Historic
"Jodah, the Unifier Brawl",https://aetherhub.com/Deck/jodah-the-unifier-brawl,Historic Brawl
Serra Specialist,https://aetherhub.com/Deck/serra-specialist,Arena Standard
World Spell Combo,https://aetherhub.com/Deck/world-spell-combo,Arena Standard
Monoblack Aggro,https://aetherhub.com/Deck/monoblack-aggro-774144,Arena Standard
Rakdos Midrange,https://aetherhub.com/Deck/rakdos-midrange-772687,Explorer
Selesnya Counters,https://aetherhub.com/Deck/selesnya-counters-772414,Explorer
Baldur's Gates,https://aetherhub.com/Deck/baldurs-gates,Historic
Kodama Brawl,https://aetherhub.com/Deck/kodama-brawl-771044,Historic Brawl
Elf Tribal,https://aetherhub.com/Deck/elf-tribal-768608,Explorer
Grinning Ignus Combo,https://aetherhub.com/Deck/grinning-ignus-combo,Explorer
Boros Feather,https://aetherhub.com/Deck/boros-feather-767597,Explorer
Gorion Adventures,https://aetherhub.com/Deck/gorion-adventures-767995,Historic Brawl
Monoblue Spirits,https://aetherhub.com/Deck/monoblue-spirits-767304,Explorer
Monored Wildfires,https://aetherhub.com/Deck/monored-wildfires,Explorer
Gruul Transmogrify,https://aetherhub.com/Deck/gruul-transmogrify-765598,Explorer
Boros Equipment,https://aetherhub.com/Deck/boros-equipment-765187,Arena Standard
All In Artifacts,https://aetherhub.com/Deck/all-in-artifacts,Explorer
Go-Shintai Shrines,https://aetherhub.com/Deck/go-shintai-shrines-764630,Historic Brawl
Abzan Midrange,https://aetherhub.com/Deck/abzan-midrange-764367,Explorer
Abzan Humans,https://aetherhub.com/Deck/abzan-humans-760505,Explorer
Saga Spirits,https://aetherhub.com/Deck/saga-spirits,Arena Standard
"Oyaminartok, Polar Werebear Brawl",https://aetherhub.com/Deck/oyaminartok-polar-werebear-brawl,Historic Brawl
Simic Ramp,https://aetherhub.com/Deck/simic-ramp-760205,Arena Standard
Deadly Defense,https://aetherhub.com/Deck/deadly-defense,Explorer
Zombies Return!,https://aetherhub.com/Deck/zombies-return,Explorer
Big Red Dragons,https://aetherhub.com/Deck/big-red-dragons-759229,Arena Standard
Creativity Combo Control,https://aetherhub.com/Deck/creativity-combo-control,Explorer
Green Stompy,https://aetherhub.com/Deck/green-stompy-758588,Explorer
Four Color Elementals,https://aetherhub.com/Deck/four-color-elementals,Explorer
Jund Midrange,https://aetherhub.com/Deck/jund-midrange-758568,Arena Standard
Gruul Burn,https://aetherhub.com/Deck/gruul-burn-540559,Historic
Monored Aggro,https://aetherhub.com/Deck/monored-aggro-756540,Explorer
Calamity Combo,https://aetherhub.com/Deck/calamity-combo,Arena Standard
Nalia de'Arnise Party Brawl,https://aetherhub.com/Deck/nalia-dearnise-party-brawl,Historic Brawl
Arcane Control,https://aetherhub.com/Deck/arcane-control-754220,Arena Standard
High-Tech Goblins,https://aetherhub.com/Deck/high-tech-goblins,Arena Standard
Jund Fight Rigging,https://aetherhub.com/Deck/jund-fight-rigging-753401,Explorer
Green White Enchantments,https://aetherhub.com/Deck/green-white-enchantments,Arena Standard
"Prosper, Tome-Bound Brawl",https://aetherhub.com/Deck/prosper-tome-bound-brawl,Historic Brawl
"Raggadragga, Goreguts Boss Brawl",https://aetherhub.com/Deck/raggadragga-goreguts-boss-brawl,Historic Brawl
"Miirym, Sentinel Wyrm Brawl",https://aetherhub.com/Deck/miirym-sentinel-wyrm-brawl,Historic Brawl
Dimir Midrange,https://aetherhub.com/Deck/dimir-midrange-749786,Arena Standard
Standard Monogreen Elves,https://aetherhub.com/Deck/standard-monogreen-elves,Arena Standard
Kiln Fiend Aggro,https://aetherhub.com/Deck/kiln-fiend-aggro-742031,Historic
Infinite Despair,https://aetherhub.com/Deck/infinite-despair,Arena Standard
Teleport Titan,https://aetherhub.com/Deck/teleport-titan,Arena Standard
Azorius Virtuoso,https://aetherhub.com/Deck/azorius-virtuoso-741201,Arena Standard
Cabaretti Superfriends,https://aetherhub.com/Deck/cabaretti-superfriends,Arena Standard
"Ognis, the Dragon's Lash Brawl",https://aetherhub.com/Deck/ognis-the-dragons-lash-739066,Historic Brawl
Copy Arbiter,https://aetherhub.com/Deck/copy-avatar,Arena Standard
Patch Up Sacrifice,https://aetherhub.com/Deck/patch-up-sacrifice,Arena Standard
Clever Connive,https://aetherhub.com/Deck/clever-connive,Arena Standard
Jund Haste,https://aetherhub.com/Deck/jund-haste-736639,Arena Standard
Thieving Tibalt,https://aetherhub.com/Deck/thieving-tibalt,Arena Standard
Bant Angels,https://aetherhub.com/Deck/bant-angels-735742,Explorer
Shadow Aggro,https://aetherhub.com/Deck/shadow-aggro-735394,Arena Standard
"Mr. Orfeo, the Boulder Brawl",https://aetherhub.com/Deck/mr-orfeo-the-boulder-brawl,Historic Brawl
Splendid Landfall Lifegain,https://aetherhub.com/Deck/splendid-landfall-lifegain,Arena Standard
Luxior Planewalkers,https://aetherhub.com/Deck/luxior-planewalkers,Arena Standard
Obscura Ascendancy,https://aetherhub.com/Deck/obscura-ascendancy,Arena Standard
Dragon Stash,https://aetherhub.com/Deck/dragon-stash,Arena Standard
Riveteers Ascendancy Blitz,https://aetherhub.com/Deck/riveteers-ascendancy-blitz,Arena Standard
Grixis Reanimator,https://aetherhub.com/Deck/grixis-reanimator-729947,Arena Standard
Halo Fountain Combo,https://aetherhub.com/Deck/halo-fountain-combo-729464,Arena Standard
Security Rhox Treasures,https://aetherhub.com/Deck/security-rhox-treasures,Arena Standard
Phyrexian Prison,https://aetherhub.com/Deck/phyrexian-prison,Arena Standard
Evelyn Vampires,https://aetherhub.com/Deck/evelyn-vampires,Arena Standard
One Minute Party,https://aetherhub.com/Deck/one-minute-party,Arena Standard
Mardu Greasefang Parhelion,https://aetherhub.com/Deck/mardu-greasefang-parhelion-726177,Explorer
Rigo Brawl,https://aetherhub.com/Deck/rigo-brawl,Historic Brawl
Vivien Toolbox,https://aetherhub.com/Deck/vivien-toolbox,Arena Standard
Devilish Valet Combo,https://aetherhub.com/Deck/devilish-valet-combo,Arena Standard
Pact Brokers,https://aetherhub.com/Deck/pact-brokers,Arena Standard
Jurassic Ramp,https://aetherhub.com/Deck/jurassic-ramp,Arena Standard
Rabble Rousing Tokens,https://aetherhub.com/Deck/rabble-rousing-tokens,Arena Standard
Jetmir Tokens Brawl,https://aetherhub.com/Deck/jetmir-tokens-brawl,Historic Brawl
Monoblack Aggro,https://aetherhub.com/Deck/monoblack-aggro-721222,Explorer
Meeting of the Five,https://aetherhub.com/Deck/meeting-of-the-five,Arena Standard
Arcane Bombardment,https://aetherhub.com/Deck/arcane-bombardment-719616,Arena Standard
Fight Rigging Combo,https://aetherhub.com/Deck/fight-rigging-combo,Arena Standard
Jinnie Fay Treasure Cats,https://aetherhub.com/Deck/jinnie-fay-treasure-cats,Arena Standard
Jund Copy Ob Nixilis,https://aetherhub.com/Deck/jund-copy-ob-nixilis,Arena Standard
Giada Angel Tribal,https://aetherhub.com/Deck/giada-angel-tribal-718057,Arena Standard
Monowhite Monument,https://aetherhub.com/Deck/monowhite-monument,Arena Standard
Hidetsugu Consumes All Combo,https://aetherhub.com/Deck/hidetsugu-consumes-all-combo,Arena Standard
Mono-Red Aggro,https://aetherhub.com/Deck/mono-red-aggro-714843,Explorer
Naya Winota,https://aetherhub.com/Deck/naya-winota-714842,Explorer
Azorius Control,https://aetherhub.com/Deck/azorius-control-714844,Explorer
Rakdos Sacrifice,https://aetherhub.com/Deck/rakdos-sacrifice-714845,Explorer
Rakdos Midrange,https://aetherhub.com/Deck/rakdos-midrange-714846,Explorer
Mono-Blue Spirits,https://aetherhub.com/Deck/mono-blue-spirits-714847,Explorer
Kaito Ninjas Brawl,https://aetherhub.com/Deck/kaito-ninjas-brawl,Historic Brawl
Poison Ninja,https://aetherhub.com/Deck/poison-ninja,Arena Standard
Lorehold Reanimator,https://aetherhub.com/Deck/lorehold-reanimator-708193,Arena Standard
Rusty Red,https://aetherhub.com/Deck/rusty-red,Arena Standard
Tatyova Brawl,https://aetherhub.com/Deck/tatyova-brawl,Historic Brawl
Old Stickfingers Brawl,https://aetherhub.com/Deck/old-stickfingers-brawl,Historic Brawl
God-Eternal Oketra Brawl,https://aetherhub.com/Deck/god-eternal-oketra-brawl,Historic Brawl
Best Cards for Historic Brawl,https://aetherhub.com/Deck/best-cards-for-historic-brawl,Other
Hidetsugu Brawl,https://aetherhub.com/Deck/hidetsugu-brawl,Historic Brawl
Aegar Giants Brawl,https://aetherhub.com/Deck/aegar-giants-brawl,Historic Brawl
"Tezzeret, Betrayer of Flesh Brawl",https://aetherhub.com/Deck/tezzeret-betrayer-of-flesh-brawl,Historic Brawl
Angrath Discard Brawl,https://aetherhub.com/Deck/angrath-discard-brawl,Historic Brawl
Farewell Superfriends,https://aetherhub.com/Deck/farewell-superfriends,Arena Standard
Cloudsteel Prison,https://aetherhub.com/Deck/cloudsteel-prison,Arena Standard
Ancient Green,https://aetherhub.com/Deck/ancient-green,Arena Standard
Explosive Singularity,https://aetherhub.com/Deck/explosive-singularity-701108,Arena Standard
Dragonstorm Combo,https://aetherhub.com/Deck/dragonstorm-combo-700684,Historic
Skyfall,https://aetherhub.com/Deck/skyfall-699629,Arena Standard
"Vehicles, Pilots & Plows",https://aetherhub.com/Deck/vehicles-pilots--plows,Arena Standard
Nashi Ninja Rats,https://aetherhub.com/Deck/nashi-ninja-rats,Arena Standard
Satsuki Brawl,https://aetherhub.com/Deck/satsuki-brawl,Historic Brawl
Summon Justice Counters,https://aetherhub.com/Deck/summon-justice-counters,Arena Standard
The Brilliant Troll War,https://aetherhub.com/Deck/the-brilliant-troll-war,Arena Standard
Mindlink Mech,https://aetherhub.com/Deck/mindlink-mech,Arena Standard
Serra's Saga Combo,https://aetherhub.com/Deck/serras-saga-combo,Historic
Invoke Laughter Mill,https://aetherhub.com/Deck/invoke-laughter-mill,Arena Standard
Giant Chip Combo,https://aetherhub.com/Deck/giant-chip-combo,Arena Standard
Modified Gruul Aggro,https://aetherhub.com/Deck/modified-gruul-aggro,Arena Standard
Tatsunari Enchantments,https://aetherhub.com/Deck/tatsunari-enchantments,Arena Standard
Jin-Gitaxias Dollhouse,https://aetherhub.com/Deck/jin-gitaxias-dollhouse,Arena Standard
Greasefang Parhelion,https://aetherhub.com/Deck/greasefang-parhelion,Historic
Spirit-Sister Selfmill,https://aetherhub.com/Deck/spirit-sister-selfmill,Arena Standard
Bard Class Combo,https://aetherhub.com/Deck/bard-class-combo,Arena Standard
5 Color Shrines,https://aetherhub.com/Deck/5-color-shrines-687384,Historic Brawl
Monoblack Control,https://aetherhub.com/Deck/monoblack-control-686322,Arena Standard
Simic Tamiyo Ramp,https://aetherhub.com/Deck/simic-tamiyo-ramp,Arena Standard
Jeskai Hinata Opus,https://aetherhub.com/Deck/jeskai-hinata-opus,Arena Standard
Mardu Samurai & Warriors,https://aetherhub.com/Deck/mardu-samurai--warriors,Arena Standard
Dragon-Kami Dragons,https://aetherhub.com/Deck/dragon-kami-dragons,Arena Standard
Anvil Artifacts,https://aetherhub.com/Deck/anvil-artifacts,Arena Standard
Ninjutsu Ninjas,https://aetherhub.com/Deck/ninjutsu-ninjas,Arena Standard
Mechtitan Core Combo,https://aetherhub.com/Deck/mechtitan-core-combo,Arena Standard
Colossus Combo Gates Brawl,https://aetherhub.com/Deck/colossus-combo-gates-brawl,Historic Brawl
Drizzt Do'Urden Brawl,https://aetherhub.com/Deck/drizzt-dourden-brawl,Historic Brawl
The Scarab God Zombies Brawl,https://aetherhub.com/Deck/scarab-god-zombies-brawl,Historic Brawl
 Muldrotha & Gyruda Brawl,https://aetherhub.com/Deck/-muldrotha--gyruda-brawl,Historic Brawl
"Teferi, Time Raveler Brawl",https://aetherhub.com/Deck/teferi-time-raveler-brawl,Historic Brawl
"Olivia, Crimson Bride Brawl",https://aetherhub.com/Deck/olivia-crimson-bride-brawl,Historic Brawl
Kumena Merfolk Brawl,https://aetherhub.com/Deck/kumena-merfolk-brawl,Historic Brawl
"Dina, Soul Steeper Brawl",https://aetherhub.com/Deck/dina-soul-steeper-brawl,Historic Brawl
Ellywick Tumblestrum Brawl,https://aetherhub.com/Deck/ellywick-tumblestrum-brawl,Historic Brawl
Heliod Brawl,https://aetherhub.com/Deck/heliod-brawl-674602,Historic Brawl
"Valki, God of Lies Brawl",https://aetherhub.com/Deck/valki-god-of-lies--tibalt-cosmi-brawl,Historic Brawl
Azusa Brawl,https://aetherhub.com/Deck/azusa-brawl,Historic Brawl
Hofri Spirits Brawl,https://aetherhub.com/Deck/hofri-spirits-brawl,Historic Brawl
Kethis Legends Brawl,https://aetherhub.com/Deck/kethis-legends-brawl,Historic Brawl
Nissa of Shadowed Boughs Brawl,https://aetherhub.com/Deck/nissa-of-shadowed-boughs-brawl,Historic Brawl
Hamza Historic Brawl,https://aetherhub.com/Deck/hamza-historic-brawl,Historic Brawl
Purphoros Bronze-Blooded Brawl,https://aetherhub.com/Deck/purphoros-bronze-blooded-brawl,Historic Brawl
Marrow-Gnawer Rats Brawl,https://aetherhub.com/Deck/marrow-gnawer-rats-brawl,Historic Brawl
Killian Brawl,https://aetherhub.com/Deck/killian-brawl,Historic Brawl
Illuna Omniscience Combo Brawl,https://aetherhub.com/Deck/illuna-omniscience-combo-brawl,Historic Brawl
Sephara Brawl,https://aetherhub.com/Deck/sephara-brawl-668363,Historic
"Kiora, the Tide's Fury Brawl",https://aetherhub.com/Deck/kiora-the-tides-fury-brawl,Historic Brawl
Chainer Brawl,https://aetherhub.com/Deck/chainer-brawl,Historic Brawl
Minsc Naya Tokens Brawl,https://aetherhub.com/Deck/minsc-naya-tokens-brawl,Historic Brawl
Jacob Hauken Brawl,https://aetherhub.com/Deck/jacob-hauken-brawl,Historic Brawl
"Vadrik, Astral Archmage Brawl",https://aetherhub.com/Deck/vadrik-astral-archmage-brawl,Historic Brawl
Rhonas the Indomitable Brawl,https://aetherhub.com/Deck/rhonas-the-indomitable-brawl,Historic Brawl
Oswald Fiddlebender Brawl,https://aetherhub.com/Deck/oswald-fiddlebender-brawl,Historic Brawl
"Edgar, Charmed Groom Brawl",https://aetherhub.com/Deck/edgar-charmed-groom-brawl,Historic Brawl
"Sarkhan, Wanderer to Shiv Brawl",https://aetherhub.com/Deck/sarkhan-wanderer-to-shiv-brawl,Historic Brawl
The First Sliver Brawl,https://aetherhub.com/Deck/the-first-sliver-brawl,Historic Brawl
"Lonis, Cryptozoologist ",https://aetherhub.com/Deck/lonis-cryptozoologist--656013,Historic Brawl
Esper Reanimator,https://aetherhub.com/Deck/esper-reanimator-655568,Historic
Monored Madness Discard,https://aetherhub.com/Deck/monored-madness-discard,Historic
Colorless Ugin Ramp,https://aetherhub.com/Deck/colorless-ugin-ramp,Historic
Alchemy Werewolves,https://aetherhub.com/Deck/alchemy-werewolves,Alchemy
Phoenix Night School,https://aetherhub.com/Deck/night-school,Arena Standard
 Dying to Serve,https://aetherhub.com/Deck/-dying-to-serve,Arena Standard
Blood Vampires,https://aetherhub.com/Deck/blood-vampires,Arena Standard
Sinner Control,https://aetherhub.com/Deck/sinner-control,Arena Standard
Chandra One Drop Red,https://aetherhub.com/Deck/chandra-one-drop-red,Arena Standard
Training Humans,https://aetherhub.com/Deck/training-humans,Arena Standard
Kaya Abzan Tokens,https://aetherhub.com/Deck/kaya-abzan-tokens,Arena Standard
New Spirits,https://aetherhub.com/Deck/new-spirits-646852,Arena Standard
Mystic Drake,https://aetherhub.com/Deck/mystic-drake,Arena Standard
Hallowed Haunting,https://aetherhub.com/Deck/hallowed-haunting-643626,Arena Standard
Bargain Hunters,https://aetherhub.com/Deck/bargain-hunters,Arena Standard
Cultivator Combo,https://aetherhub.com/Deck/cultivator-combo,Arena Standard
Horror House,https://aetherhub.com/Deck/horror-house,Arena Standard
Mardu Vampires,https://aetherhub.com/Deck/mardu-vampires-642638,Arena Standard
Loner Infinite Combo,https://aetherhub.com/Deck/loner-infinite-combo,Arena Standard
Dreadfeast Skeleton Sacrifice,https://aetherhub.com/Deck/dreadfeast-skeleton-sacrifice,Arena Standard
Naya Werewolves,https://aetherhub.com/Deck/naya-werewolves-640341,Arena Standard
Slime Tribal,https://aetherhub.com/Deck/slime-tribal,Arena Standard
Partners in Crime,https://aetherhub.com/Deck/partners-in-crime-639049,Arena Standard
Croak Selfmill,https://aetherhub.com/Deck/croak-selfmill,Arena Standard
Tough Tushies,https://aetherhub.com/Deck/tough-tushies,Arena Standard
Broken Bride,https://aetherhub.com/Deck/broken-bride,Arena Standard
Antique Affinity,https://aetherhub.com/Deck/antique-affinity,Historic
Exploit Zombies,https://aetherhub.com/Deck/exploit-zombies,Arena Standard
Eruth Burn,https://aetherhub.com/Deck/eruth-burn,Arena Standard
Esper Zombies,https://aetherhub.com/Deck/esper-zombies-634304,Historic
Monored Dragons,https://aetherhub.com/Deck/monored-dragons,Arena Standard
Furry Festival,https://aetherhub.com/Deck/furry-festival,Arena Standard
Creative Crabs,https://aetherhub.com/Deck/creative-crabs,Historic
Chandra Tribal,https://aetherhub.com/Deck/chandra-tribal-629991,Historic
Goblins,https://aetherhub.com/Deck/goblins-619984,Historic
Selesnya Magecraft,https://aetherhub.com/Deck/selesnya-magecraft-628368,Arena Standard
Enchantress,https://aetherhub.com/Deck/enchantress-627904,Historic
Selesnya Scales,https://aetherhub.com/Deck/selesnya-scales-627358,Historic
Trigger Twin,https://aetherhub.com/Deck/trigger-twin,Historic
Drown in Fire,https://aetherhub.com/Deck/drown-in-fire,Arena Standard
Zabaz Brawl,https://aetherhub.com/Deck/zabaz-brawl,Historic Brawl
Pretty Sus,https://aetherhub.com/Deck/pretty-sus,Arena Standard
Cats,https://aetherhub.com/Deck/cats-624065,Historic
Jund Citadel,https://aetherhub.com/Deck/jund-citadel-623378,Historic
Hammer Combo,https://aetherhub.com/Deck/hammer-combo,Historic
Forgotten Treasure,https://aetherhub.com/Deck/forgotten-treasure,Arena Standard
Curse of the 13th,https://aetherhub.com/Deck/curse-of-the-13th,Arena Standard
Growth Spurt,https://aetherhub.com/Deck/growth-spurt,Arena Standard
Florian's Fire,https://aetherhub.com/Deck/florians-fire,Arena Standard
Jadar Brawl,https://aetherhub.com/Deck/jadar-brawl,Historic Brawl
Sunset Stadium,https://aetherhub.com/Deck/sunset-stadium,Arena Standard
DIY Cleave,https://aetherhub.com/Deck/diy-cleave,Arena Standard
Delichous,https://aetherhub.com/Deck/delichous,Arena Standard
Disturbed Spirits,https://aetherhub.com/Deck/disturbed-spirits,Arena Standard
Fungus Farm,https://aetherhub.com/Deck/fungus-farm,Arena Standard
Boros Burn,https://aetherhub.com/Deck/boros-burn-611535,Arena Standard
Selesnya Humans,https://aetherhub.com/Deck/selesnya-humans-610872,Arena Standard
Croaking Creeps,https://aetherhub.com/Deck/croaking-creeps,Arena Standard
White Weenie,https://aetherhub.com/Deck/white-weenie-609463,Arena Standard
Tropical Merfolk,https://aetherhub.com/Deck/tropical-merfolk,Historic
The Blob,https://aetherhub.com/Deck/the-blob,Arena Standard
Curses !,https://aetherhub.com/Deck/curses-,Arena Standard
Dragon Egg,https://aetherhub.com/Deck/dragon-egg-606126,Arena Standard
Snow & Seven,https://aetherhub.com/Deck/snow--seven,Arena Standard
Zombies,https://aetherhub.com/Deck/zombies-604579,Arena Standard
Corrupted Clerics,https://aetherhub.com/Deck/corrupted-clerics,Arena Standard
Poppets & Pests,https://aetherhub.com/Deck/poppets--pests,Arena Standard
Werewolves,https://aetherhub.com/Deck/werewolves-600671,Arena Standard
Ninjas,https://aetherhub.com/Deck/ninjas-599292,Historic
Shamans,https://aetherhub.com/Deck/shamans-598731,Historic
Exile Everything,https://aetherhub.com/Deck/exile-everything-596881,Historic
Squirrel Tribal,https://aetherhub.com/Deck/squirrel-tribal-596394,Historic
Naya Slivers,https://aetherhub.com/Deck/naya-slivers-595865,Historic
Cold Canine,https://aetherhub.com/Deck/cold-canine,Arena Standard
Second Spell,https://aetherhub.com/Deck/second-spell-586415,Arena Standard
Kefnet Brawl,https://aetherhub.com/Deck/kefnet-brawl,Historic Brawl
Small Skeletons,https://aetherhub.com/Deck/small-skeletons,Arena Standard
Angels,https://aetherhub.com/Deck/angels-584387,Arena Standard
Siona Brawl,https://aetherhub.com/Deck/siona-brawl-581603,Historic Brawl
Temur Treasure,https://aetherhub.com/Deck/temur-treasure-580844,Arena Standard
Dino Druids,https://aetherhub.com/Deck/dino-druids,Arena Standard
Frogfall,https://aetherhub.com/Deck/frogfall,Arena Standard
Skull Swarm,https://aetherhub.com/Deck/skull-swarm,Arena Standard
Karve & Keel,https://aetherhub.com/Deck/karve--keel,Arena Standard
Reaper's Runes,https://aetherhub.com/Deck/reapers-runes,Arena Standard
Mighty Mounts,https://aetherhub.com/Deck/dragonfall,Arena Standard
Simic Strummers,https://aetherhub.com/Deck/simic-strummers,Arena Standard
Book Curator,https://aetherhub.com/Deck/book-curator,Arena Standard
Gelatinous Geometry,https://aetherhub.com/Deck/gelatinous-geometry,Arena Standard
Spider Sacrifice,https://aetherhub.com/Deck/spider-sacrifice,Arena Standard
ROFLMAO,https://aetherhub.com/Deck/roflmao,Arena Standard
Rainbow Dragons,https://aetherhub.com/Deck/rainbow-dragons-567329,Arena Standard
Volo's Ark,https://aetherhub.com/Deck/volos-ark,Arena Standard
Selesnya Circle,https://aetherhub.com/Deck/selesnya-circle,Arena Standard
Half & Half,https://aetherhub.com/Deck/half--half,Arena Standard
The Birds,https://aetherhub.com/Deck/the-birds-564270,Arena Standard
Make Haste,https://aetherhub.com/Deck/make-haste,Arena Standard
Equipment,https://aetherhub.com/Deck/equipment-561207,Arena Standard
Baleful Beholder,https://aetherhub.com/Deck/baleful-beholder,Arena Standard
Bard's Ballad,https://aetherhub.com/Deck/bards-ballad,Arena Standard
Dragon Master,https://aetherhub.com/Deck/dragon-master-559105,Arena Standard
Skeletal Sword,https://aetherhub.com/Deck/skeletal-sword,Arena Standard
Search for Vecna,https://aetherhub.com/Deck/search-for-vecna,Arena Standard
Esper Dungeons,https://aetherhub.com/Deck/esper-dungeons-554684,Arena Standard
Prized Party,https://aetherhub.com/Deck/prized-party,Arena Standard
Is for me?,https://aetherhub.com/Deck/is-for-me,Arena Standard
Epic Kitty,https://aetherhub.com/Deck/epic-kitty,Arena Standard
Jund Return,https://aetherhub.com/Deck/jund-return,Arena Standard
Demonic Drift,https://aetherhub.com/Deck/demonic-drift,Arena Standard
Keyword Squad,https://aetherhub.com/Deck/keyword-squad,Arena Standard
Kasmina 100-Card Brawl,https://aetherhub.com/Deck/kasmina-100-card-brawl,Historic Brawl
Gitrog 100-Card Brawl,https://aetherhub.com/Deck/gitrog-100-card-brawl,Historic Brawl
Tezzeret 100-Card Brawl,https://aetherhub.com/Deck/tezzeret-100-card-brawl,Historic Brawl
Beledros 100-Card Brawl,https://aetherhub.com/Deck/beledros-100-card-brawl,Historic Brawl
Kaalia 100-Card Brawl,https://aetherhub.com/Deck/kaalia-100-card-brawl,Historic Brawl
Historic Elves,https://aetherhub.com/Deck/historic-elves-544570,Historic
Strict Diet,https://aetherhub.com/Deck/strict-diet,Arena Standard
Flashfreeze,https://aetherhub.com/Deck/flashfreeze,Historic
Rogues gone Rogue,https://aetherhub.com/Deck/rogues-gone-rogue-543005,Arena Standard
Dromoka's Counters,https://aetherhub.com/Deck/dromokas-counters,Historic
Body Slam,https://aetherhub.com/Deck/body-slam,Arena Standard
Rakdos Midrange,https://aetherhub.com/Deck/rakdos-midrange-540016,Historic
Lotus League,https://aetherhub.com/Deck/lotus-league,Historic
Dwarves,https://aetherhub.com/Deck/dwarves-537786,Historic
Elesh Tokens,https://aetherhub.com/Deck/elesh-tokens,Historic
Tomb Raider,https://aetherhub.com/Deck/tomb-raider-536469,Historic
Flying Fortress,https://aetherhub.com/Deck/flying-fortress,Historic
Artifact Aggro,https://aetherhub.com/Deck/artifact-aggro-534745,Historic
Dragonstorm,https://aetherhub.com/Deck/dragonstorm-532852,Historic
ReaniPraetor,https://aetherhub.com/Deck/reanipraetor,Historic
Flicker Friends,https://aetherhub.com/Deck/flicker-friends,Historic
Snow Spirits,https://aetherhub.com/Deck/snow-spirits,Historic
Elder Experiment,https://aetherhub.com/Deck/elder-experiment,Historic
Codie's Command,https://aetherhub.com/Deck/codies-command,Arena Standard
Green Greatness,https://aetherhub.com/Deck/green-greatness,Historic
Boros Burn,https://aetherhub.com/Deck/boros-burn-526873,Historic
Cram Control,https://aetherhub.com/Deck/cram-control,Arena Standard
Golden Growth,https://aetherhub.com/Deck/golden-growth,Arena Standard
Temur Twins,https://aetherhub.com/Deck/temur-twins,Arena Standard
Selesnya Students,https://aetherhub.com/Deck/selesnya-students,Arena Standard
Tendies Combo,https://aetherhub.com/Deck/tendies-combo,Historic
Primal Gruul,https://aetherhub.com/Deck/primal-gruul,Historic
Drama-Den,https://aetherhub.com/Deck/drama-den,Arena Standard
Spirit Showdown,https://aetherhub.com/Deck/spirit-showdown,Arena Standard
Titan Tutor,https://aetherhub.com/Deck/titan-tutor,Arena Standard
New Gyruda,https://aetherhub.com/Deck/new-gyruda,Arena Standard
Storm the Citadel,https://aetherhub.com/Deck/storm-the-citadel,Historic
Tonic Trolls,https://aetherhub.com/Deck/tonic-trolls,Arena Standard
Quandrix,https://aetherhub.com/Deck/quandrix-500892,Arena Standard
Humans,https://aetherhub.com/Deck/humans-499951,Historic
Body Collector,https://aetherhub.com/Deck/body-collector,Historic
Jadzi's Jaunt,https://aetherhub.com/Deck/jadzis-jaunt,Arena Standard
Aggro Counters,https://aetherhub.com/Deck/aggro-counters,Arena Standard
Silverkill,https://aetherhub.com/Deck/silverkill,Arena Standard
Boros Blade,https://aetherhub.com/Deck/boros-blade,Arena Standard
Ultimate Mastery,https://aetherhub.com/Deck/ultimate-mastery,Historic
Plumb the Pests,https://aetherhub.com/Deck/plumb-the-pests,Arena Standard
Story Storm,https://aetherhub.com/Deck/story-storm,Historic
Prismari,https://aetherhub.com/Deck/prismari-487937,Arena Standard
Nikobloom,https://aetherhub.com/Deck/nikobloom,Arena Standard
Klothys Kontrol,https://aetherhub.com/Deck/klothys-kontrol,Arena Standard
Annoying Abzan,https://aetherhub.com/Deck/annoying-abzan,Arena Standard
Reverent Raven,https://aetherhub.com/Deck/reverent-raven,Arena Standard
Dragonborn,https://aetherhub.com/Deck/dragonborn-481571,Arena Standard
Face Forge,https://aetherhub.com/Deck/face-forge,Historic
Niv-Mizzet Reborn,https://aetherhub.com/Deck/niv-mizzet-reborn-478566,Historic
New Historic Control,https://aetherhub.com/Deck/new-historic-control,Other
Newlamog,https://aetherhub.com/Deck/newlamog,Other
Sram Historic Brawl,https://aetherhub.com/Deck/sram-historic-brawl,Historic Brawl
Magda Combo Historic Brawl,https://aetherhub.com/Deck/magda-historic-brawl,Historic Brawl
Ranger Danger,https://aetherhub.com/Deck/ranger-danger,Historic
Angel Company,https://aetherhub.com/Deck/angel-company-473886,Historic
Mardu Artifacts,https://aetherhub.com/Deck/mardu-artifacts,Historic
Spider Supply,https://aetherhub.com/Deck/spider-supply,Historic
Sweet Release,https://aetherhub.com/Deck/sweet-release,Historic
LoXodons,https://aetherhub.com/Deck/loxodons,Historic
Demolition Druids,https://aetherhub.com/Deck/demolition-druids,Historic
Snow Slumber,https://aetherhub.com/Deck/snow-slumber,Historic
Crash City,https://aetherhub.com/Deck/crash-city,Historic
Trash Trove,https://aetherhub.com/Deck/trash-trove,Historic
Blue Storm,https://aetherhub.com/Deck/blue-storm,Historic
Rakdos Shadow,https://aetherhub.com/Deck/deaths-shadow-464186,Historic
Cat Pact,https://aetherhub.com/Deck/cat-pact,Historic
Flying Squirrels,https://aetherhub.com/Deck/flying-squirrels,Arena Standard
Herophants,https://aetherhub.com/Deck/herophants,Arena Standard
Grave Return,https://aetherhub.com/Deck/grave-return,Arena Standard
Copycat,https://aetherhub.com/Deck/copycat-459153,Arena Standard
Life & Death,https://aetherhub.com/Deck/life--death-458393,Arena Standard
The Gods Tree,https://aetherhub.com/Deck/oh-my-gods,Arena Standard
Grixis Giants,https://aetherhub.com/Deck/grixis-giants-456531,Arena Standard
Mission Impawsible,https://aetherhub.com/Deck/mission-impawsible,Arena Standard
Justice League,https://aetherhub.com/Deck/justice-league,Arena Standard
Thunderstruck,https://aetherhub.com/Deck/thunderstruck,Arena Standard
Giant Plow,https://aetherhub.com/Deck/giant-plow,Arena Standard
Monster Hunter,https://aetherhub.com/Deck/monster-hunter-451389,Arena Standard
Prismatic Bridge,https://aetherhub.com/Deck/prismatic-bridge-450501,Arena Standard
Token Tribal,https://aetherhub.com/Deck/token-tribal-447186,Arena Standard
Relflections,https://aetherhub.com/Deck/relflections,Arena Standard
Reverent Reflection,https://aetherhub.com/Deck/reverent-reflection-445528,Arena Standard
Snow White,https://aetherhub.com/Deck/snow-white-444545,Arena Standard
Golgari Elves,https://aetherhub.com/Deck/golgari-elves-441807,Arena Standard
Rakdos Sacrifice,https://aetherhub.com/Deck/rakdos-sacrifice-440836,Arena Standard
Runestorm,https://aetherhub.com/Deck/runestorm,Arena Standard
Let's get Shifty!,https://aetherhub.com/Deck/lets-get-shifty,Arena Standard
Angel Control,https://aetherhub.com/Deck/angel-control-438424,Arena Standard
Story Time,https://aetherhub.com/Deck/story-time,Arena Standard
Troll Tribal,https://aetherhub.com/Deck/troll-tribal-435430,Arena Standard
Frost Fill,https://aetherhub.com/Deck/frost-fill,Arena Standard
Jund Midrange,https://aetherhub.com/Deck/jund-midrange-432729,Arena Standard
Masked Minotaurs,https://aetherhub.com/Deck/masked-minotaurs,Arena Standard
Fright or Flight,https://aetherhub.com/Deck/fright-or-flight,Arena Standard
Foretell,https://aetherhub.com/Deck/foretell,Arena Standard
Warriors,https://aetherhub.com/Deck/warriors-422237,Arena Standard
Abzan Midrange,https://aetherhub.com/Deck/abzan-midrange-421563,Arena Standard
Nethroi Reanimator,https://aetherhub.com/Deck/nethroi-reanimator-419933,Arena Standard
Join the Party,https://aetherhub.com/Deck/join-the-party,Arena Standard
Unpredictable,https://aetherhub.com/Deck/4-unpredictable,Arena Standard
Harmony,https://aetherhub.com/Deck/harmony,Arena Standard
Sanctums,https://aetherhub.com/Deck/sanctums-416484,Arena Standard
Sultai Emerge,https://aetherhub.com/Deck/sultai-emerge-415990,Arena Standard
Fight Club,https://aetherhub.com/Deck/fight-club-415465,Historic
Tinybones Brawl,https://aetherhub.com/Deck/tinybones-brawl-413079,Historic Brawl
Gishath Brawl,https://aetherhub.com/Deck/gishath-brawl,Historic Brawl
"Inniaz, the Gale Force",https://aetherhub.com/Deck/inniaz-the-gale-force,Historic Brawl
Elenda Sacrifice,https://aetherhub.com/Deck/elenda-sacrifice,Historic Brawl
Admiral Beckett Brass,https://aetherhub.com/Deck/admiral-beckett-brass-410888,Historic Brawl
Temur Marvel,https://aetherhub.com/Deck/temur-marvel-410053,Historic
Horny Rats,https://aetherhub.com/Deck/horny-rats,Historic
Nine Lives,https://aetherhub.com/Deck/nine-lives-409180,Historic
One Drop Red,https://aetherhub.com/Deck/one-drop-red,Historic
Refurbish Gift,https://aetherhub.com/Deck/refurbish-gift-407918,Historic
Lightning Tribal,https://aetherhub.com/Deck/lightning-tribal,Historic
Classic Monored,https://aetherhub.com/Deck/classic-monored,Historic
Monowhite Midrange,https://aetherhub.com/Deck/monowhite-midrange,Arena Standard
Orzhov Knights,https://aetherhub.com/Deck/orzhov-knights-404561,Historic
Sea Squad,https://aetherhub.com/Deck/sea-squad,Arena Standard
New Perspectives,https://aetherhub.com/Deck/new-perspectives-403664,Historic
Expert Elves,https://aetherhub.com/Deck/expert-elves,Historic
Paradoxical,https://aetherhub.com/Deck/paradoxical,Historic
Createrhoof Combo,https://aetherhub.com/Deck/createrhoof-combo,Historic
Bolas Tribal,https://aetherhub.com/Deck/bolas-tribal-400304,Historic
Master Chef,https://aetherhub.com/Deck/master-chef,Historic
Agonizing Abyss,https://aetherhub.com/Deck/agonizing-abyss,Arena Standard
Demonic Contract,https://aetherhub.com/Deck/demonic-contract,Historic
Panharmonicon,https://aetherhub.com/Deck/panharmonicon-396952,Historic
Golgari Energy,https://aetherhub.com/Deck/golgari-energy,Historic
Gift that Keeps on Giving,https://aetherhub.com/Deck/gift-that-keeps-on-giving,Historic
Servo Tribal,https://aetherhub.com/Deck/servo-tribal,Historic
Legends,https://aetherhub.com/Deck/legends-393930,Historic
Torrential Thirst,https://aetherhub.com/Deck/torrential-thirst,Historic
Chevill Brawl,https://aetherhub.com/Deck/chevill-brawl-392827,Historic Brawl
Tezzeret Tribal,https://aetherhub.com/Deck/tezzeret-tribal,Historic
Chandra Tribal,https://aetherhub.com/Deck/chandra-tribal-391056,Historic
Counters Company,https://aetherhub.com/Deck/counters-company,Historic
Pummeler,https://aetherhub.com/Deck/pummeler,Historic
Swarm Sculptor,https://aetherhub.com/Deck/swarm-sculptor,Arena Standard
Paradox Combo,https://aetherhub.com/Deck/paradox-combo,Historic
Double Vision,https://aetherhub.com/Deck/double-vision-385774,Arena Standard
Bant Spirits,https://aetherhub.com/Deck/bant-spirits-384684,Historic
Troll Toll,https://aetherhub.com/Deck/troll-toll-384221,Arena Standard
Soul Inversion,https://aetherhub.com/Deck/soul-inversion,Arena Standard
ForsaKarn,https://aetherhub.com/Deck/forsakarn,Historic
Chonky Red,https://aetherhub.com/Deck/chonky-red,Arena Standard
Rakdos Midrange,https://aetherhub.com/Deck/rakdos-midrange-380243,Arena Standard
Ride or Die,https://aetherhub.com/Deck/ride-or-die,Historic
Roil Chasers,https://aetherhub.com/Deck/roil-chasers,Arena Standard
Bant Party,https://aetherhub.com/Deck/bant-party-377880,Arena Standard
Sultai Kicker,https://aetherhub.com/Deck/sultai-kicker-376833,Arena Standard
Hammer Time,https://aetherhub.com/Deck/hammer-time-375605,Historic
Golgari Counters,https://aetherhub.com/Deck/golgari-counters-373995,Arena Standard
Jeskai Inversion,https://aetherhub.com/Deck/jeskai-inversion,Arena Standard
Ugin Brawl,https://aetherhub.com/Deck/ugin-brawl-371993,Historic Brawl
Pirates,https://aetherhub.com/Deck/pirates-371652,Historic
Drana's Revenge,https://aetherhub.com/Deck/dranas-revenge,Arena Standard
Hateboars,https://aetherhub.com/Deck/hateboars,Historic
Rogues,https://aetherhub.com/Deck/rogues-368067,Historic
Searing Seas,https://aetherhub.com/Deck/searing-seas,Arena Standard
Valakut Exploration,https://aetherhub.com/Deck/valakut-exploration,Arena Standard
Temur Kicker,https://aetherhub.com/Deck/temur-kicker,Historic
Fearless Felidar,https://aetherhub.com/Deck/fearless-felidars,Arena Standard
Zendikar Rogues,https://aetherhub.com/Deck/zendikar-rogues-363472,MTGA Events
Leyline Lotus,https://aetherhub.com/Deck/leyline-lotus,Historic
Dwarf Engine,https://aetherhub.com/Deck/dwarf-engine,Arena Standard
MonUment,https://aetherhub.com/Deck/monument-360765,Arena Standard
Skycleave,https://aetherhub.com/Deck/skycleave,Historic
Charix Combo,https://aetherhub.com/Deck/charix-combo,Arena Standard
Clerics,https://aetherhub.com/Deck/clerics-358002,Arena Standard
Goblin Party,https://aetherhub.com/Deck/goblin-party,Arena Standard
Landfall Mutate,https://aetherhub.com/Deck/landfall-mutate,Arena Standard
Selesnya Counters,https://aetherhub.com/Deck/selesnya-counters-355090,Arena Standard
Copy Caller,https://aetherhub.com/Deck/copy-caller,Historic
Destiny Lifegain,https://aetherhub.com/Deck/destiny-lifegain,Arena Standard
Retreat Landfall,https://aetherhub.com/Deck/retreat-landfall,Arena Standard
Collected Cleave,https://aetherhub.com/Deck/collected-cleave,Historic
Journey to Eternity,https://aetherhub.com/Deck/journey-to-eternity-347465,Historic
Zebra Zombies,https://aetherhub.com/Deck/zebra-zombies,Historic
Extra Lands,https://aetherhub.com/Deck/extra-lands,Historic
Illuna's Procession,https://aetherhub.com/Deck/illunas-procession,Historic
Isamaru Brawl,https://aetherhub.com/Deck/isamaru-brawl,Historic Brawl
Dimir Midrange,https://aetherhub.com/Deck/dimir-midrange-343271,Historic
Hedron of Hailfire,https://aetherhub.com/Deck/hedron-of-hailfire,Historic
Rakdos Pyromancer,https://aetherhub.com/Deck/rakdos-pyromancer-341945,Historic
Oketra's Monument,https://aetherhub.com/Deck/oketras-monument,Historic
2021 Turbo Tutelage,https://aetherhub.com/Deck/2021-turbo-tutelage,Arena Standard
Infinite Insects,https://aetherhub.com/Deck/infinite-insects,Historic
Talrand Brawl,https://aetherhub.com/Deck/talrand-brawl,Historic Brawl
Paladin's Presence,https://aetherhub.com/Deck/paladins-presence,Historic
Rainbow Rhythm,https://aetherhub.com/Deck/rainbow-rhythm,Historic
2021 Stompy,https://aetherhub.com/Deck/2021-stompy,Arena Standard
Monoblack Control,https://aetherhub.com/Deck/monoblack-control-337050,Historic
Cycling,https://aetherhub.com/Deck/cycling-336502,Historic
Second Sunbird,https://aetherhub.com/Deck/second-sunbird,Historic
Gate Gift,https://aetherhub.com/Deck/gate-gift,Historic
Solemnity Combo,https://aetherhub.com/Deck/solemnity-combo,Historic
2021 Dogs,https://aetherhub.com/Deck/2021-dogs,Arena Standard
Demonic Doom,https://aetherhub.com/Deck/demonic-doom,Historic
Titan Ramp,https://aetherhub.com/Deck/titan-ramp,Historic
Emiel Blink,https://aetherhub.com/Deck/emiel-blink-330974,Historic
Rise Reanimator,https://aetherhub.com/Deck/rise-reanimator,Historic
Jolrael,https://aetherhub.com/Deck/jolrael-329699,Historic Brawl
Vampires,https://aetherhub.com/Deck/vampires-329279,Historic
Curious Combo,https://aetherhub.com/Deck/curious-combo,Historic
Angels,https://aetherhub.com/Deck/angels-327491,Historic
Sacrifice,https://aetherhub.com/Deck/sacrifice-326959,Historic
Minotaur Combo,https://aetherhub.com/Deck/minotaur-combo,Historic
Defenders,https://aetherhub.com/Deck/defenders,Historic
Advisor Mill,https://aetherhub.com/Deck/advisor-mill,Historic
Jumpstart: Vampires + Spooky,https://aetherhub.com/Deck/jumpstart-vampires--spooky,Limited
Jumpstart: Predatory + Predatory ,https://aetherhub.com/Deck/jumpstart-predatory--predatory-,Limited
Jumpstart: Doctor + Doctor,https://aetherhub.com/Deck/jumpstart-doctor--doctor,Limited
Duplicaster,https://aetherhub.com/Deck/duplicaster,Historic
Elementals,https://aetherhub.com/Deck/elementals-323434,Historic
Monoblack Aggro,https://aetherhub.com/Deck/monoblack-aggro-322782,Arena Standard
Dragons,https://aetherhub.com/Deck/dragons-321856,Historic
Auras,https://aetherhub.com/Deck/auras,Historic
Jumpstart: Pirates + Archaeology,https://aetherhub.com/Deck/jumpstart-pirates--archaeology,Limited
Jumpstart: Chandra + Devilish,https://aetherhub.com/Deck/jumpstart-chandra--devilish,Limited
Spirits,https://aetherhub.com/Deck/spirits-320168,Historic
Branching Out,https://aetherhub.com/Deck/branching-out,Historic
Grand Goblins,https://aetherhub.com/Deck/grand-goblins,Historic
Black Blood,https://aetherhub.com/Deck/black-blood,Historic
Elves,https://aetherhub.com/Deck/elves-318026,Historic
Red Hot Steel,https://aetherhub.com/Deck/red-hot-steel,Arena Standard
Jund Midrange,https://aetherhub.com/Deck/jund-midrange-316289,Arena Standard
Swine Surprise,https://aetherhub.com/Deck/swine-surprise,Arena Standard
Silver Surfer,https://aetherhub.com/Deck/silver-surfer,Historic
Izzet Taunter,https://aetherhub.com/Deck/izzet-taunter,Arena Standard
Infinite Combo,https://aetherhub.com/Deck/infinite-combo,Arena Standard
Conclave Counters,https://aetherhub.com/Deck/conclave-counters-312958,Arena Standard
Titan Shift,https://aetherhub.com/Deck/titan-shift-312620,Historic
White* Weenie,https://aetherhub.com/Deck/white-weenie-312065,Arena Standard
Lifegain,https://aetherhub.com/Deck/lifegain-311531,Historic
Izzet Birds,https://aetherhub.com/Deck/izzet-birds-311020,Arena Standard
Terror of Thorns,https://aetherhub.com/Deck/terror-of-thorns-310400,Arena Standard
Recurring Dreams,https://aetherhub.com/Deck/recurring-dreams-309246,Arena Standard
Shrines,https://aetherhub.com/Deck/shrines-308534,Historic
Budget Burn,https://aetherhub.com/Deck/budget-burn-307944,Arena Standard
Dread Dryad,https://aetherhub.com/Deck/dread-dryad-307173,Arena Standard
Demon Den,https://aetherhub.com/Deck/demon-den-306338,Arena Standard
Tutelage Mill,https://aetherhub.com/Deck/tutelage-mill-305734,Arena Standard
Song Combo,https://aetherhub.com/Deck/song-combo-302584,Historic
Mirari's March,https://aetherhub.com/Deck/miraris-march-301999,Historic
Fae of Tears,https://aetherhub.com/Deck/fae-of-tears-301532,Historic
Hydra's Climb,https://aetherhub.com/Deck/hydras-climb-300963,Historic
Naya Glass,https://aetherhub.com/Deck/naya-glass-299790,Historic
Tentacle Tribal,https://aetherhub.com/Deck/tentacle-tribal-299135,Arena Standard
Torgaar Combo,https://aetherhub.com/Deck/torgaar-combo-298773,Historic
Jeskai Cyclones,https://aetherhub.com/Deck/jeskai-cyclones-298300,Arena Standard
Path of Mettle,https://aetherhub.com/Deck/path-of-mettle-297812,Historic
Mythos Storm,https://aetherhub.com/Deck/mythos-storm-297151,Arena Standard
Eerie Abzan,https://aetherhub.com/Deck/eerie-abzan-296738,Arena Standard
Risen Rites,https://aetherhub.com/Deck/risen-rites-295663,Historic
Zenith Protocol,https://aetherhub.com/Deck/zenith-protocol-294981,Arena Standard
Perfect Storm,https://aetherhub.com/Deck/perfect-storm-293774,Historic
Winota Legends,https://aetherhub.com/Deck/winota-legends-292750,Historic
Kinnan Kombo,https://aetherhub.com/Deck/kinnan-kombo-291984,Historic
Tempered Steel,https://aetherhub.com/Deck/tempered-steel-289282,Historic
Devil's Experiment,https://aetherhub.com/Deck/devils-experiment-290723,Historic
Sky Dance,https://aetherhub.com/Deck/sky-dance-290367,Historic
Ulamog Ramp,https://aetherhub.com/Deck/ulamog-ramp-288786,Historic
Shrine Seeker,https://aetherhub.com/Deck/shrine-seeker-288214,Historic
Menace Tribal,https://aetherhub.com/Deck/menace-tribal-269460,Arena Standard
Monoblack,https://aetherhub.com/Deck/monoblack-287205,Historic
Maze's End,https://aetherhub.com/Deck/mazes-end-286327,Historic
Capri Sun,https://aetherhub.com/Deck/capri-sun-284950,Arena Standard
Jegantha Reborn,https://aetherhub.com/Deck/jegantha-reborn-284475,Arena Standard
Vivien Stompy,https://aetherhub.com/Deck/vivien-stompy-274122,Arena Standard
Revenge Reanimator,https://aetherhub.com/Deck/revenge-reanimator-272867,Arena Standard
Temur Mutate,https://aetherhub.com/Deck/temur-mutate-272042,Arena Standard
Cat Tribal,https://aetherhub.com/Deck/cat-tribal-270696,Arena Standard
Great Green,https://aetherhub.com/Deck/great-green-270192,Arena Standard
Mothra's Minions,https://aetherhub.com/Deck/mothras-minions-252410,Arena Standard
Sultai Mutate,https://aetherhub.com/Deck/sultai-mutate-268312,Arena Standard
Lutri ,https://aetherhub.com/Deck/lutri--267610,Arena Standard
Gyruda's Nest,https://aetherhub.com/Deck/gyrudas-nest-266505,Arena Standard
Rex Reanimator,https://aetherhub.com/Deck/rex-reanimator-265986,Arena Standard
Wedding Crashers,https://aetherhub.com/Deck/wedding-crashers-265448,Arena Standard
Jeskai Mutate,https://aetherhub.com/Deck/jeskai-mutate-264447,Arena Standard
Sky Cats,https://aetherhub.com/Deck/sky-cats-263594,Arena Standard
Mardu Mutate,https://aetherhub.com/Deck/mardu-mutate-262740,Arena Standard
Zirdalert,https://aetherhub.com/Deck/zirdalert-262173,Arena Standard
Mardu Humans,https://aetherhub.com/Deck/mardu-humans-261568,Arena Standard
Can't Even,https://aetherhub.com/Deck/cant-even-260277,Arena Standard
Sultai Seafood,https://aetherhub.com/Deck/sultai-seafood-259329,Arena Standard
Lukka Pig,https://aetherhub.com/Deck/lukka-pig-257584,Arena Standard
Lucky Song,https://aetherhub.com/Deck/lucky-song-256583,Arena Standard
Grave Storm Colossification,https://aetherhub.com/Deck/grave-storm-colossification-255592,Arena Standard
Dimir Flash,https://aetherhub.com/Deck/dimir-flash-254827,Arena Standard
Rhys Rites,https://aetherhub.com/Deck/rhys-rites-249051,Historic
Vannifar Pod,https://aetherhub.com/Deck/vannifar-pod-246629,Arena Standard
Pestilent Pyro,https://aetherhub.com/Deck/pestilent-pyro-246154,Arena Standard
No Life,https://aetherhub.com/Deck/no-life-245408,Historic
High Huatli,https://aetherhub.com/Deck/high-huatli-244961,Historic
Neo Naru,https://aetherhub.com/Deck/neo-naru-243964,Historic
Abzan Landfill,https://aetherhub.com/Deck/abzan-landfill-243177,Historic
Treasure Hunt,https://aetherhub.com/Deck/treasure-hunt-243135,Historic
Pauper Hexproof,https://aetherhub.com/Deck/pauper-hexproof-242684,Pauper
Double Agent,https://aetherhub.com/Deck/double-agent-242410,Arena Standard
Artificial Angels,https://aetherhub.com/Deck/artificial-angels-239544,Historic
Merfolk,https://aetherhub.com/Deck/merfolk-241248,Historic
Sigil of the Empty Throne,https://aetherhub.com/Deck/sigil-of-the-empty-throne-240255,Historic
Rakdos Discard,https://aetherhub.com/Deck/rakdos-discard-239953,Historic
Esper Humans,https://aetherhub.com/Deck/esper-humans-238668,Historic
Naya Heroes,https://aetherhub.com/Deck/naya-heroes-237510,Arena Standard
Minotaur Tribal,https://aetherhub.com/Deck/minotaur-tribal-237155,Arena Standard
Golem Tribal,https://aetherhub.com/Deck/golem-tribal-237153,Arena Standard
Centaur Tribal,https://aetherhub.com/Deck/centaur-tribal-237151,Arena Standard
Crab Tribal,https://aetherhub.com/Deck/crab-tribal-237148,Arena Standard
Salvager Combo,https://aetherhub.com/Deck/salvager-combo-236595,Arena Standard
Rise and Fall,https://aetherhub.com/Deck/rise-and-fall-236594,Arena Standard
Naya Ranger,https://aetherhub.com/Deck/naya-ranger-235955,Historic
Sweet Secrets,https://aetherhub.com/Deck/sweet-secrets-234938,Arena Standard
Infinite Suck,https://aetherhub.com/Deck/infinite-suck-234477,Historic
Bant Blink,https://aetherhub.com/Deck/bant-blink-234129,Arena Standard
Bant Auras,https://aetherhub.com/Deck/bant-auras-233069,Standard
Gitrog's World,https://aetherhub.com/Deck/gitrogs-world-232312,Historic
Dryad Food,https://aetherhub.com/Deck/dryad-food-231550,Arena Standard
Historic Breach Combo,https://aetherhub.com/Deck/historic-breach-combo-230722,Historic
The Pantheon,https://aetherhub.com/Deck/the-pantheon-230465,Arena Standard
Nyxbloom Ramp,https://aetherhub.com/Deck/nyxbloom-ramp-229602,Arena Standard
Artisan Sacrifice,https://aetherhub.com/Deck/artisan-sacrifice-228773,MTGA Events
Cavalier Combo,https://aetherhub.com/Deck/cavalier-combo-228361,Historic
Haktos Heroes,https://aetherhub.com/Deck/haktos-heroes-228001,Arena Standard
Bombs Away,https://aetherhub.com/Deck/bombs-away-227130,Historic
Ashiok Control,https://aetherhub.com/Deck/ashiok-control-226281,Standard
Historic Equipment,https://aetherhub.com/Deck/historic-equipment-225423,Historic
Champion Equipment,https://aetherhub.com/Deck/champion-equipment-225424,Historic
Breach Combo,https://aetherhub.com/Deck/breach-combo-224382,Arena Standard
Athreos Sacrifice,https://aetherhub.com/Deck/athreos-sacrifice-223931,Arena Standard
Rakdos Burn,https://aetherhub.com/Deck/rakdos-burn-221944,Arena Standard
Black Devotion,https://aetherhub.com/Deck/black-devotion-221038,Arena Standard
Krakenling Drakes,https://aetherhub.com/Deck/krakenling-drakes-220183,Arena Standard
White Weenie,https://aetherhub.com/Deck/white-weenie-219071,Arena Standard
Flash Fish,https://aetherhub.com/Deck/flash-fish-218149,Arena Standard
Mystery Mill,https://aetherhub.com/Deck/mystery-mill-217678,Arena Standard
Constellation,https://aetherhub.com/Deck/constellation-217216,Arena Standard
Underworld Powers,https://aetherhub.com/Deck/underworld-powers-216139,Arena Standard
War Cry Combo,https://aetherhub.com/Deck/war-cry-combo-214441,Historic
Incarnation,https://aetherhub.com/Deck/incarnation-213625,Arena Standard
Devotion to Wide,https://aetherhub.com/Deck/devotion-to-wide-212895,Arena Standard
Blue Lotus,https://aetherhub.com/Deck/blue-lotus-211011,Arena Standard
Lifebringer,https://aetherhub.com/Deck/lifebringer-206629,Arena Standard
Extinction Event,https://aetherhub.com/Deck/extinction-event-205894,Historic
White Steel,https://aetherhub.com/Deck/white-steel-204983,Arena Standard
Chandra Tribal,https://aetherhub.com/Deck/chandra-tribal-204406,Arena Standard
Angel Lifegain,https://aetherhub.com/Deck/angel-lifegain-204209,Historic
Angel Fire,https://aetherhub.com/Deck/angel-fire-203918,Arena Standard
Mill Control,https://aetherhub.com/Deck/mill-control-203089,Standard
Artisan Lifegain,https://aetherhub.com/Deck/artisan-lifegain-202346,MTGA Events
Artisan Goblins,https://aetherhub.com/Deck/artisan-goblins-202345,MTGA Events
Artisan Knights,https://aetherhub.com/Deck/artisan-knights-202344,MTGA Events
Artisan Hexproof,https://aetherhub.com/Deck/artisan-hexproof-202343,MTGA Events
Doom at Dawn,https://aetherhub.com/Deck/doom-at-dawn-201079,Arena Standard
"Feather, the Redeemed",https://aetherhub.com/Deck/feather-the-redeemed-200758,Historic Brawl
Gadwick's Circle,https://aetherhub.com/Deck/gadwicks-circle-200316,Arena Standard
The Great Unsealing,https://aetherhub.com/Deck/the-great-unsealing-199907,Historic
The Antiquities War,https://aetherhub.com/Deck/the-antiquities-war-198332,Historic
Dance with Dragons,https://aetherhub.com/Deck/dance-with-dragons-197910,Arena Standard
Boros Knights,https://aetherhub.com/Deck/boros-knights-196931,Arena Standard
The Great Proliferate,https://aetherhub.com/Deck/the-great-proliferate-196588,Arena Standard
Second Rite Burn,https://aetherhub.com/Deck/second-rite-burn-195448,Historic
Historic Hexproof,https://aetherhub.com/Deck/historic-hexproof-193859,Pauper
The X Factory,https://aetherhub.com/Deck/the-x-factory-192576,Arena Standard
Zombies,https://aetherhub.com/Deck/zombies-191078,Historic
Dimir Reanimator,https://aetherhub.com/Deck/dimir-reanimator-189833,Standard
Gruul Cascade,https://aetherhub.com/Deck/gruul-cascade-189243,MTGA Events
Mirror Selfmill,https://aetherhub.com/Deck/mirror-selfmill-187527,Arena Standard
Gruul Goblins,https://aetherhub.com/Deck/gruul-goblins-187060,Arena Standard
Royal Alliance,https://aetherhub.com/Deck/royal-alliance-186684,Arena Standard
Storm,https://aetherhub.com/Deck/storm-186217,Arena Standard
Happily Ever After,https://aetherhub.com/Deck/happily-ever-after-185462,Arena Standard
Demonic Tentacles,https://aetherhub.com/Deck/demonic-tentacles-184636,Pioneer
Teysa Karlov,https://aetherhub.com/Deck/teysa-karlov-184193,Historic Brawl
Artisan Adventures,https://aetherhub.com/Deck/artisan-adventures-183309,MTGA Events
Jund Sacrifice,https://aetherhub.com/Deck/jund-sacrifice-181621,Arena Standard
"Krenko, Tin Street Kingpin",https://aetherhub.com/Deck/krenko-tin-street-kingpin-180864,Historic Brawl
Dome Destruction Upgraded,https://aetherhub.com/Deck/dome-destruction-upgraded-180541,Arena Standard
"Etrata, the Silencer",https://aetherhub.com/Deck/etrata-the-silencer-179075,Historic Brawl
Clean Control,https://aetherhub.com/Deck/clean-control-177048,Standard
Heartless Troll,https://aetherhub.com/Deck/heartless-troll-176263,Modern
Out For Blood Upgraded,https://aetherhub.com/Deck/out-for-blood-upgraded-175727,Arena Standard
Naya Giants,https://aetherhub.com/Deck/naya-giants-174447,Arena Standard
Rakdos Aggro,https://aetherhub.com/Deck/rakdos-aggro-173628,Arena Standard
4c Wolves,https://aetherhub.com/Deck/4c-wolves-173212,Arena Standard
Azure Skies Upgraded,https://aetherhub.com/Deck/azure-skies-upgraded-172796,Arena Standard
Dice Forge,https://aetherhub.com/Deck/dice-forge-170966,Modern
Jund Adventures,https://aetherhub.com/Deck/jund-adventures-169391,Arena Standard
Forest's Might Upgraded,https://aetherhub.com/Deck/forests-might-upgraded-168940,Arena Standard
Lurking Troll King,https://aetherhub.com/Deck/lurking-troll-king-167571,Arena Standard
Jeskai Fires,https://aetherhub.com/Deck/jeskai-fires-166962,Arena Standard
Angelic Army Upgraded,https://aetherhub.com/Deck/angelic-army-upgraded-164499,Arena Standard
Great Henge,https://aetherhub.com/Deck/great-henge-164876,Arena Standard
Sultai Food,https://aetherhub.com/Deck/sultai-food-162464,Arena Standard
2020 Monoblack,https://aetherhub.com/Deck/2020-monoblack-156674,MTGA Events
2020 Tokens,https://aetherhub.com/Deck/2020-tokens-160438,MTGA Events
Soulherder,https://aetherhub.com/Deck/soulherder-158797,Modern
Temur Reclamation,https://aetherhub.com/Deck/temur-reclamation-157968,MTGA Events
2020 Izzet Combo,https://aetherhub.com/Deck/2020-izzet-combo-157684,MTGA Events
Magic 2020 Flash,https://aetherhub.com/Deck/magic-2020-flash-156085,MTGA Events
Jund Midrange,https://aetherhub.com/Deck/jund-midrange-154623,Standard
Spirits,https://aetherhub.com/Deck/spirits-154407,Arena Standard
Rakdos Aristocrats,https://aetherhub.com/Deck/rakdos-aristocrats-153076,Arena Standard
Dead Guy Ale,https://aetherhub.com/Deck/dead-guy-ale-152552,Modern
Landfall CItadel,https://aetherhub.com/Deck/landfall-citadel-151884,MTGA Events
Stompy,https://aetherhub.com/Deck/stompy-151045,Arena Standard
Reanimator,https://aetherhub.com/Deck/reanimator-150217,Arena Standard
Hammer Combo,https://aetherhub.com/Deck/hammer-combo-148761,Modern
Monoblack Aggro,https://aetherhub.com/Deck/monoblack-aggro-148459,Arena Standard
Goblins,https://aetherhub.com/Deck/goblins-148156,Arena Standard
Wizards,https://aetherhub.com/Deck/wizards-147447,Arena Standard
Hammer Time,https://aetherhub.com/Deck/hammer-time-146288,Arena Standard
Chromatic Black,https://aetherhub.com/Deck/chromatic-black-145841,Arena Standard
Abundance Elves,https://aetherhub.com/Deck/abundance-elves-145318,Arena Standard
Ninjas,https://aetherhub.com/Deck/ninjas-144400,Modern
Abzan Legends,https://aetherhub.com/Deck/abzan-legends-143666,Arena Standard
Angel Lifegain,https://aetherhub.com/Deck/angel-lifegain-142179,Arena Standard
Blood Lotus,https://aetherhub.com/Deck/blood-lotus-139977,Arena Standard
Omniflood,https://aetherhub.com/Deck/omniflood-139429,Arena Standard
Jund Dinos,https://aetherhub.com/Deck/jund-dinos-138608,Arena Standard
Grixis Urza,https://aetherhub.com/Deck/grixis-urza-138578,Modern
Sultai Dreadshift,https://aetherhub.com/Deck/sultai-dreadshift-135759,Arena Standard
Hydra Tribal,https://aetherhub.com/Deck/hydra-tribal-135120,Arena Standard
Vampires,https://aetherhub.com/Deck/vampires-133471,Arena Standard
Izzet Phoenix,https://aetherhub.com/Deck/izzet-phoenix-131469,Standard
BBD's Esper,https://aetherhub.com/Deck/bbds-esper-131468,Standard
Bontu Shaper,https://aetherhub.com/Deck/bontu-shaper-130447,Arena Standard
Ravnica Gruul,https://aetherhub.com/Deck/ravnica-gruul-129588,MTGA Events
Izzet Phoenix,https://aetherhub.com/Deck/izzet-phoenix-128335,Arena Standard
10-Rack,https://aetherhub.com/Deck/10-rack-126148,Modern
Dragons,https://aetherhub.com/Deck/dragons-125484,Arena Standard
Izzet Singleton,https://aetherhub.com/Deck/izzet-singleton-124892,MTGA Events
Jeskai Superfriends,https://aetherhub.com/Deck/jeskai-superfriends-123818,Arena Standard
Affinity,https://aetherhub.com/Deck/affinity-123167,Arena Standard
Gruul Smash,https://aetherhub.com/Deck/gruul-smash-121505,Arena Standard
Neobrand,https://aetherhub.com/Deck/neobrand-120567,Modern
Ral Control,https://aetherhub.com/Deck/ral-control-118543,Arena Standard
Bant Oketra,https://aetherhub.com/Deck/bant-oketra-116884,Arena Standard
Vitu-Ghazi's Climb,https://aetherhub.com/Deck/vitu-ghazis-climb-115798,Arena Standard
Mardu Aristocrats,https://aetherhub.com/Deck/mardu-aristocrats-114348,Arena Standard
Orzhov Aristocrats,https://aetherhub.com/Deck/orzhov-aristocrats-114347,Arena Standard
Mono Red Prison,https://aetherhub.com/Deck/mono-red-prison-113291,Modern
Hydra Superfriends,https://aetherhub.com/Deck/hydra-superfriends-112846,Arena Standard
Big Pig,https://aetherhub.com/Deck/big-pig-111261,Arena Standard
Hexproof,https://aetherhub.com/Deck/hexproof-110597,Arena Standard
Historic Combo,https://aetherhub.com/Deck/historic-combo-109148,Arena Standard
Nissa Ramp,https://aetherhub.com/Deck/nissa-ramp-108378,Arena Standard
Niv-Mizzet Reborn,https://aetherhub.com/Deck/niv-mizzet-reborn-107366,Arena Standard
Amass,https://aetherhub.com/Deck/amass-105586,Arena Standard
Electro End,https://aetherhub.com/Deck/electro-end-104634,Modern
Tribal Zoo,https://aetherhub.com/Deck/tribal-zoo-104667,Modern
Skred Red,https://aetherhub.com/Deck/skred-red-104666,Modern
Gruul Glass,https://aetherhub.com/Deck/gruul-glass-104664,Modern
Familiar Combo,https://aetherhub.com/Deck/familiar-combo-104663,Modern
Vannifar Pod,https://aetherhub.com/Deck/vannifar-pod-104661,Modern
Slivers,https://aetherhub.com/Deck/slivers-104660,Modern
Biovisionary,https://aetherhub.com/Deck/biovisionary-104659,Modern
Mill,https://aetherhub.com/Deck/mill-104656,Modern
Faeries,https://aetherhub.com/Deck/faeries-104655,Modern
Jeskai Erayo,https://aetherhub.com/Deck/jeskai-erayo-104653,Modern
Titanshift,https://aetherhub.com/Deck/titanshift-104651,Modern
Hollow Phoenix,https://aetherhub.com/Deck/hollow-phoenix-104649,Modern
Dredge,https://aetherhub.com/Deck/dredge-104648,Modern
Glorious Boros,https://aetherhub.com/Deck/glorious-boros-104645,Modern
Elves,https://aetherhub.com/Deck/elves-104642,Modern
Necrotic Ooze,https://aetherhub.com/Deck/necrotic-ooze-104643,Modern
Steal your Stuff,https://aetherhub.com/Deck/steal-your-stuff-104640,Modern
Jund,https://aetherhub.com/Deck/jund-104639,Modern
Bolas's Citadel,https://aetherhub.com/Deck/bolass-citadel-103155,Arena Standard
Boros Feather,https://aetherhub.com/Deck/boros-feather-99668,Arena Standard
Grixis Guildpact,https://aetherhub.com/Deck/grixis-guildpact-97523,Arena Standard
Monoblack Mayhem,https://aetherhub.com/Deck/monoblack-mayhem-95551,Arena Standard
Thief,https://aetherhub.com/Deck/thief-94482,Arena Standard
Defenders,https://aetherhub.com/Deck/defenders-92979,Arena Standard
Knights,https://aetherhub.com/Deck/knights-89340,Standard
Esper Historic,https://aetherhub.com/Deck/esper-historic-88281,Standard
Jund Warriors,https://aetherhub.com/Deck/jund-warriors-85730,Standard
Cute Control,https://aetherhub.com/Deck/cute-control-84972,Standard
Lich,https://aetherhub.com/Deck/lich-81635,Standard
The Mirari Conjecture,https://aetherhub.com/Deck/the-mirari-conjecture-79860,Standard
Cavalcade,https://aetherhub.com/Deck/cavalcade-79328,Standard
Nikya Ramp,https://aetherhub.com/Deck/nikya-ramp-77601,Standard
Emergency Fund,https://aetherhub.com/Deck/emergency-fund-76307,Standard
Lifegain Aggro,https://aetherhub.com/Deck/lifegain-aggro-72366,Standard
Mardu Divas,https://aetherhub.com/Deck/mardu-divas-70892,Standard
Esper Midrange,https://aetherhub.com/Deck/esper-midrange-69586,Standard
Primal Fury Updated,https://aetherhub.com/Deck/primal-fury-updated-68507,Standard
Strength in Numbers Updated,https://aetherhub.com/Deck/strength-in-numbers-updated-68509,Standard
Graveyard Bash Updated,https://aetherhub.com/Deck/graveyard-bash-updated-68510,Standard
Chaos and Mayhem Updated,https://aetherhub.com/Deck/chaos-and-mayhem-updated-68508,Standard
Dragon's Fire Updated,https://aetherhub.com/Deck/dragons-fire-updated-68512,Standard
Wing and Claw Updated,https://aetherhub.com/Deck/wing-and-claw-updated-68513,Standard
Jungle Secrets Updated,https://aetherhub.com/Deck/jungle-secrets-updated-68503,Standard
Forest's Might Updated,https://aetherhub.com/Deck/forests-might-updated-68506,Standard
Eternal Thirst Updated,https://aetherhub.com/Deck/eternal-thirst-updated-68504,Standard
Bant Vannifar,https://aetherhub.com/Deck/bant-vannifar-62804,Standard
Mardu Demons,https://aetherhub.com/Deck/mardu-demons-57834,Standard
Gates,https://aetherhub.com/Deck/gates-56056,Standard
Divine Control,https://aetherhub.com/Deck/divine-control-54245,Standard
Wing and Claw Upgraded,https://aetherhub.com/Deck/wing-and-claw-upgraded-52385,Standard
Grixis Dragons,https://aetherhub.com/Deck/grixis-dragons-50994,Standard
Dragon's Fire Upgraded,https://aetherhub.com/Deck/dragons-fire-upgraded-50563,Standard
Turbofog,https://aetherhub.com/Deck/turbofog-50142,Standard
Pauper Hexproof,https://aetherhub.com/Deck/pauper-hexproof-49517,Pauper
Arcane Inventions Upgraded,https://aetherhub.com/Deck/arcane-inventions-upgraded-49451,Standard
Wayward Frenzy,https://aetherhub.com/Deck/wayward-frenzy-48657,Standard
Auras of Majesty Upgraded,https://aetherhub.com/Deck/auras-of-majesty-upgraded-47699,Standard
Quasiduplicate,https://aetherhub.com/Deck/quasiduplicate-46786,Standard
Wrath of Mages Upgraded,https://aetherhub.com/Deck/wrath-of-mages-upgraded-46149,Standard
Muldrotha,https://aetherhub.com/Deck/muldrotha-45076,Standard
Graveyard Bash Upgraded,https://aetherhub.com/Deck/graveyard-bash-upgraded-44645,Standard
Izzet Mizzet,https://aetherhub.com/Deck/izzet-mizzet-43470,Standard
Primal Fury Upgraded,https://aetherhub.com/Deck/primal-fury-upgraded-40035,Standard
Monoblack Pauper,https://aetherhub.com/Deck/monoblack-pauper-40036,Pauper
Thousand-Year Temur,https://aetherhub.com/Deck/thousand-year-temur-40039,Standard
Forest's Might Upgraded,https://aetherhub.com/Deck/forests-might-upgraded-40040,Standard
Esper Control,https://aetherhub.com/Deck/esper-control-40041,Standard
Eternal Thirst Upgraded,https://aetherhub.com/Deck/eternal-thirst-upgraded-40042,Standard
Elves,https://aetherhub.com/Deck/elves-40043,Standard
Chaos and Mayhem Upgraded,https://aetherhub.com/Deck/chaos-and-mayhem-upgraded-40030,Standard
Lich's Mastery,https://aetherhub.com/Deck/lichs-mastery-40034,Standard
Saproling Swarm Upgraded,https://aetherhub.com/Deck/saproling-swarm-upgraded-40045,Standard
Runaway Red,https://aetherhub.com/Deck/runaway-red-40049,Standard
Jungle Secrets Upgraded,https://aetherhub.com/Deck/jungle-secrets-upgraded-40050,Standard
Selesnya Tokens,https://aetherhub.com/Deck/selesnya-tokens-40051,Standard
Golgari Graveyard,https://aetherhub.com/Deck/golgari-graveyard-40046,Standard
Firesong & Sunspeaker,https://aetherhub.com/Deck/firesong--sunspeaker-40044,Standard
Mill,https://aetherhub.com/Deck/mill-40652,Standard
Walk the Plank Upgraded,https://aetherhub.com/Deck/walk-the-plank-upgraded-41395,Standard
Strength in Numbers Upgraded,https://aetherhub.com/Deck/strength-in-numbers-upgraded-42995,Standard
Boros Angels,https://aetherhub.com/Deck/boros-angels-42355,Standard
